Workbook

Sheet Инфографика
A1: ИСЛАМ · БОЛЬШАЯ ХРОНОЛОГИЯ 570 — 2026 | DX1: ٱلْإِسْلَام
A2: Эпохи, события, державы, все ветви и расколы, школы права и вероучения, суфийские ордены, реформаторские и новые движения, личности. Столбец = десятилетие; полоса строится автоматически из столбцов «Начало» и «Конец».
A3: Цвета: ■ сунниты ■ шииты ■ хариджиты/ибадиты ■ калам и философия ■ суфизм ■ реформизм и новые движения ■ гетеродоксия / спорный статус ■ экстремизм (справочно) · ▶ — течение существует сегодня
B5: ЭПОХИ | J5: Пророк | Q5: Праведные халифы | T5: Омейяды | AB5: Аббасидский расцвет | AV5: Раздробленность · Буиды · Сельджуки · крестоносцы | CA5: Монголы · мамлюки · Тимуриды | CY5: Пороховые империи | EC5: Колониализм и реформы | EP5: Национальные государства | EU5: Исламское возрождение и глобализация
J6: 570 | M6: 600 | R6: 650 | W6: 700 | AB6: 750 | AG6: 800 | AL6: 850 | AQ6: 900 | AV6: 950 | BA6: 1000 | BF6: 1050 | BK6: 1100 | BP6: 1150 | BU6: 1200 | BZ6: 1250 | CE6: 1300 | CJ6: 1350 | CO6: 1400 | CT6: 1450 | CY6: 1500 | DD6: 1550 | DI6: 1600 | DN6: 1650 | DS6: 1700 | DX6: 1750 | EC6: 1800 | EH6: 1850 | EM6: 1900 | ER6: 1950 | EW6: 2000 | EZ6: ▶
J7: 570 | K7: 580 | L7: 590 | M7: 600 | N7: 610 | O7: 620 | P7: 630 | Q7: 640 | R7: 650 | S7: 660 | T7: 670 | U7: 680 | V7: 690 | W7: 700 | X7: 710 | Y7: 720 | Z7: 730 | AA7: 740 | AB7: 750 | AC7: 760 | AD7: 770 | AE7: 780 | AF7: 790 | AG7: 800 | AH7: 810 | AI7: 820 | AJ7: 830 | AK7: 840 | AL7: 850 | AM7: 860 | AN7: 870 | AO7: 880 | AP7: 890 | AQ7: 900 | AR7: 910 | AS7: 920 | AT7: 930 | AU7: 940 | AV7: 950 | AW7: 960 | AX7: 970 | AY7: 980 | AZ7: 990 | BA7: 1000 | BB7: 1010 | BC7: 1020 | BD7: 1030 | BE7: 1040 | BF7: 1050 | BG7: 1060 | BH7: 1070 | BI7: 1080 | BJ7: 1090 | BK7: 1100 | BL7: 1110 | BM7: 1120 | BN7: 1130 | BO7: 1140 | BP7: 1150 | BQ7: 1160 | BR7: 1170 | BS7: 1180 | BT7: 1190 | BU7: 1200 | BV7: 1210 | BW7: 1220 | BX7: 1230 | BY7: 1240 | BZ7: 1250 | CA7: 1260 | CB7: 1270 | CC7: 1280 | CD7: 1290 | CE7: 1300 | CF7: 1310 | CG7: 1320 | CH7: 1330 | CI7: 1340 | CJ7: 1350 | CK7: 1360 | CL7: 1370 | CM7: 1380 | CN7: 1390 | CO7: 1400 | CP7: 1410 | CQ7: 1420 | CR7: 1430 | CS7: 1440 | CT7: 1450 | CU7: 1460 | CV7: 1470 | CW7: 1480 | CX7: 1490 | CY7: 1500 | CZ7: 1510 | DA7: 1520 | DB7: 1530 | DC7: 1540 | DD7: 1550 | DE7: 1560 | DF7: 1570 | DG7: 1580 | DH7: 1590 | DI7: 1600 | DJ7: 1610 | DK7: 1620 | DL7: 1630 | DM7: 1640 | DN7: 1650 | DO7: 1660 | DP7: 1670 | DQ7: 1680 | DR7: 1690 | DS7: 1700 | DT7: 1710 | DU7: 1720 | DV7: 1730 | DW7: 1740 | DX7: 1750 | DY7: 1760 | DZ7: 1770 | EA7: 1780 | EB7: 1790 | EC7: 1800 | ED7: 1810 | EE7: 1820 | EF7: 1830 | EG7: 1840 | EH7: 1850 | EI7: 1860 | EJ7: 1870 | EK7: 1880 | EL7: 1890 | EM7: 1900 | EN7: 1910 | EO7: 1920 | EP7: 1930 | EQ7: 1940 | ER7: 1950 | ES7: 1960 | ET7: 1970 | EU7: 1980 | EV7: 1990 | EW7: 2000 | EX7: 2010 | EY7: 2020
A8: Раздел | B8: Название (течение, держава, событие, личность) | C8: Начало | D8: Конец | E8: Статус | F8: Лет | G8: Откололось от / примечание | H8: Цвет
A9: ■ КЛЮЧЕВЫЕ СОБЫТИЯ | B9: Даты, изменившие ход истории уммы
A10: Ключевые события | B10: Рождение Мухаммада | C10: 570 | D10: 570 | E10: =IF(C10=D10,"событие",IF(D10>=2026,IF(A10="Личности","жив","существует"),"в прошлом")) -> событие | F10: =IF(C10=D10,"",D10-C10) | H10: ev2 | EZ10: =IF(AND(D10>=2026,C10<D10),"▶","")
A11: Ключевые события | B11: Первое откровение | C11: 610 | D11: 610 | E11: =IF(C11=D11,"событие",IF(D11>=2026,IF(A11="Личности","жив","существует"),"в прошлом")) -> событие | F11: =IF(C11=D11,"",D11-C11) | H11: ev2 | EZ11: =IF(AND(D11>=2026,C11<D11),"▶","")
A12: Ключевые события | B12: Хиджра — 1 г. х. | C12: 622 | D12: 622 | E12: =IF(C12=D12,"событие",IF(D12>=2026,IF(A12="Личности","жив","существует"),"в прошлом")) -> событие | F12: =IF(C12=D12,"",D12-C12) | H12: ev2 | EZ12: =IF(AND(D12>=2026,C12<D12),"▶","")
A13: Ключевые события | B13: Бадр | C13: 624 | D13: 624 | E13: =IF(C13=D13,"событие",IF(D13>=2026,IF(A13="Личности","жив","существует"),"в прошлом")) -> событие | F13: =IF(C13=D13,"",D13-C13) | H13: ev | EZ13: =IF(AND(D13>=2026,C13<D13),"▶","")
A14: Ключевые события | B14: Взятие Мекки | C14: 630 | D14: 630 | E14: =IF(C14=D14,"событие",IF(D14>=2026,IF(A14="Личности","жив","существует"),"в прошлом")) -> событие | F14: =IF(C14=D14,"",D14-C14) | H14: ev | EZ14: =IF(AND(D14>=2026,C14<D14),"▶","")
A15: Ключевые события | B15: Смерть Пророка | C15: 632 | D15: 632 | E15: =IF(C15=D15,"событие",IF(D15>=2026,IF(A15="Личности","жив","существует"),"в прошлом")) -> событие | F15: =IF(C15=D15,"",D15-C15) | H15: ev2 | EZ15: =IF(AND(D15>=2026,C15<D15),"▶","")
A16: Ключевые события | B16: Ярмук | C16: 636 | D16: 636 | E16: =IF(C16=D16,"событие",IF(D16>=2026,IF(A16="Личности","жив","существует"),"в прошлом")) -> событие | F16: =IF(C16=D16,"",D16-C16) | H16: ev | EZ16: =IF(AND(D16>=2026,C16<D16),"▶","")
A17: Ключевые события | B17: Кадисия, Иерусалим | C17: 637 | D17: 637 | E17: =IF(C17=D17,"событие",IF(D17>=2026,IF(A17="Личности","жив","существует"),"в прошлом")) -> событие | F17: =IF(C17=D17,"",D17-C17) | H17: ev | EZ17: =IF(AND(D17>=2026,C17<D17),"▶","")
A18: Ключевые события | B18: Канон Корана (Усман) | C18: 650 | D18: 650 | E18: =IF(C18=D18,"событие",IF(D18>=2026,IF(A18="Личности","жив","существует"),"в прошлом")) -> событие | F18: =IF(C18=D18,"",D18-C18) | H18: ev | EZ18: =IF(AND(D18>=2026,C18<D18),"▶","")
A19: Ключевые события | B19: Убийство Усмана | C19: 656 | D19: 656 | E19: =IF(C19=D19,"событие",IF(D19>=2026,IF(A19="Личности","жив","существует"),"в прошлом")) -> событие | F19: =IF(C19=D19,"",D19-C19) | H19: ev | EZ19: =IF(AND(D19>=2026,C19<D19),"▶","")
A20: Ключевые события | B20: Сиффин → хариджиты | C20: 657 | D20: 657 | E20: =IF(C20=D20,"событие",IF(D20>=2026,IF(A20="Личности","жив","существует"),"в прошлом")) -> событие | F20: =IF(C20=D20,"",D20-C20) | H20: ev2 | EZ20: =IF(AND(D20>=2026,C20<D20),"▶","")
A21: Ключевые события | B21: Гибель Али | C21: 661 | D21: 661 | E21: =IF(C21=D21,"событие",IF(D21>=2026,IF(A21="Личности","жив","существует"),"в прошлом")) -> событие | F21: =IF(C21=D21,"",D21-C21) | H21: ev2 | EZ21: =IF(AND(D21>=2026,C21<D21),"▶","")
... A82: Ключевые события | B82: Гибель Али Хаменеи | C82: 2026 | D82: 2026 | E82: =IF(C82=D82,"событие",IF(D82>=2026,IF(A82="Личности","жив","существует"),"в прошлом")) -> событие | F82: =IF(C82=D82,"",D82-C82) | H82: ev2 | EZ82: =IF(AND(D82>=2026,C82<D82),"▶","")
A83: ■ ДЕРЖАВЫ И ДИНАСТИИ | B83: Цвет — вероисповедание правящей династии
A84: Державы и династии | B84: Медина Пророка | C84: 622 | D84: 632 | E84: =IF(C84=D84,"событие",IF(D84>=2026,IF(A84="Личности","жив","существует"),"в прошлом")) -> в прошлом | F84: =IF(C84=D84,"",D84-C84) -> 10 | H84: gold | EZ84: =IF(AND(D84>=2026,C84<D84),"▶","")
A85: Державы и династии | B85: Праведный халифат | C85: 632 | D85: 661 | E85: =IF(C85=D85,"событие",IF(D85>=2026,IF(A85="Личности","жив","существует"),"в прошлом")) -> в прошлом | F85: =IF(C85=D85,"",D85-C85) -> 29 | H85: gold | EZ85: =IF(AND(D85>=2026,C85<D85),"▶","")
A86: Державы и династии | B86: Омейяды (Дамаск) | C86: 661 | D86: 750 | E86: =IF(C86=D86,"событие",IF(D86>=2026,IF(A86="Личности","жив","существует"),"в прошлом")) -> в прошлом | F86: =IF(C86=D86,"",D86-C86) -> 89 | H86: sun | EZ86: =IF(AND(D86>=2026,C86<D86),"▶","")
A87: Державы и династии | B87: Аббасиды (Багдад) | C87: 750 | D87: 1258 | E87: =IF(C87=D87,"событие",IF(D87>=2026,IF(A87="Личности","жив","существует"),"в прошлом")) -> в прошлом | F87: =IF(C87=D87,"",D87-C87) -> 508 | H87: sun | EZ87: =IF(AND(D87>=2026,C87<D87),"▶","")
A88: Державы и династии | B88: Кордова: эмират → халифат | C88: 756 | D88: 1031 | E88: =IF(C88=D88,"событие",IF(D88>=2026,IF(A88="Личности","жив","существует"),"в прошлом")) -> в прошлом | F88: =IF(C88=D88,"",D88-C88) -> 275 | H88: sun | EZ88: =IF(AND(D88>=2026,C88<D88),"▶","")
A89: Державы и династии | B89: Рустамиды | C89: 777 | D89: 909 | E89: =IF(C89=D89,"событие",IF(D89>=2026,IF(A89="Личности","жив","существует"),"в прошлом")) -> в прошлом | F89: =IF(C89=D89,"",D89-C89) -> 132 | H89: kha | EZ89: =IF(AND(D89>=2026,C89<D89),"▶","")
A90: Державы и династии | B90: Идрисиды | C90: 788 | D90: 974 | E90: =IF(C90=D90,"событие",IF(D90>=2026,IF(A90="Личности","жив","существует"),"в прошлом")) -> в прошлом | F90: =IF(C90=D90,"",D90-C90) -> 186 | H90: mix | EZ90: =IF(AND(D90>=2026,C90<D90),"▶","")
A91: Державы и династии | B91: Аглабиды | C91: 800 | D91: 909 | E91: =IF(C91=D91,"событие",IF(D91>=2026,IF(A91="Личности","жив","существует"),"в прошлом")) -> в прошлом | F91: =IF(C91=D91,"",D91-C91) -> 109 | H91: sun | EZ91: =IF(AND(D91>=2026,C91<D91),"▶","")
A92: Державы и династии | B92: Тахириды | C92: 821 | D92: 873 | E92: =IF(C92=D92,"событие",IF(D92>=2026,IF(A92="Личности","жив","существует"),"в прошлом")) -> в прошлом | F92: =IF(C92=D92,"",D92-C92) -> 52 | H92: sun | EZ92: =IF(AND(D92>=2026,C92<D92),"▶","")
A93: Державы и династии | B93: Караханиды | C93: 840 | D93: 1212 | E93: =IF(C93=D93,"событие",IF(D93>=2026,IF(A93="Личности","жив","существует"),"в прошлом")) -> в прошлом | F93: =IF(C93=D93,"",D93-C93) -> 372 | H93: sun | EZ93: =IF(AND(D93>=2026,C93<D93),"▶","")
A94: Державы и династии | B94: Зайдиты Табаристана | C94: 864 | D94: 928 | E94: =IF(C94=D94,"событие",IF(D94>=2026,IF(A94="Личности","жив","существует"),"в прошлом")) -> в прошлом | F94: =IF(C94=D94,"",D94-C94) -> 64 | H94: shi | EZ94: =IF(AND(D94>=2026,C94<D94),"▶","")
A95: Державы и династии | B95: Тулуниды | C95: 868 | D95: 905 | E95: =IF(C95=D95,"событие",IF(D95>=2026,IF(A95="Личности","жив","существует"),"в прошлом")) -> в прошлом | F95: =IF(C95=D95,"",D95-C95) -> 37 | H95: sun | EZ95: =IF(AND(D95>=2026,C95<D95),"▶","")
... A136: Державы и династии | B136: Талибан | C136: 2021 | D136: 2026 | E136: =IF(C136=D136,"событие",IF(D136>=2026,IF(A136="Личности","жив","существует"),"в прошлом")) -> существует | F136: =IF(C136=D136,"",D136-C136) -> 5 | H136: sun | EZ136: =IF(AND(D136>=2026,C136<D136),"▶","") -> ▶
A137: ■ ХАРИДЖИТЫ И ИБАДИТЫ | B137: Первое сектантское движение (657). Жива только ибадитская ветвь — Оман, Мзаб, Джерба, Нафуса.
A138: Хариджиты и ибадиты | B138: Мухаккима (харуриты) | C138: 657 | D138: 658 | E138: =IF(C138=D138,"событие",IF(D138>=2026,IF(A138="Личности","жив","существует"),"в прошлом")) -> в прошлом | F138: =IF(C138=D138,"",D138-C138) -> 1 | H138: kha | EZ138: =IF(AND(D138>=2026,C138<D138),"▶","")
A139: Хариджиты и ибадиты | B139: Азракиты | C139: 684 | D139: 699 | E139: =IF(C139=D139,"событие",IF(D139>=2026,IF(A139="Личности","жив","существует"),"в прошлом")) -> в прошлом | F139: =IF(C139=D139,"",D139-C139) -> 15 | G139: ← Мухаккима (харуриты) | H139: kha | EZ139: =IF(AND(D139>=2026,C139<D139),"▶","")
A140: Хариджиты и ибадиты | B140: Наджадиты | C140: 686 | D140: 693 | E140: =IF(C140=D140,"событие",IF(D140>=2026,IF(A140="Личности","жив","существует"),"в прошлом")) -> в прошлом | F140: =IF(C140=D140,"",D140-C140) -> 7 | G140: ← Мухаккима (харуриты) | H140: kha | EZ140: =IF(AND(D140>=2026,C140<D140),"▶","")
A141: Хариджиты и ибадиты | B141: Суфриты (Мидрариды, берберское восстание 740) | C141: 690 | D141: 960 | E141: =IF(C141=D141,"событие",IF(D141>=2026,IF(A141="Личности","жив","существует"),"в прошлом")) -> в прошлом | F141: =IF(C141=D141,"",D141-C141) -> 270 | G141: ← Мухаккима (харуриты) | H141: kha | EZ141: =IF(AND(D141>=2026,C141<D141),"▶","")
A142: Хариджиты и ибадиты | B142: Ибадиты (Джабир ибн Зайд) — Оман, Мзаб, Джерба | C142: 690 | D142: 2026 | E142: =IF(C142=D142,"событие",IF(D142>=2026,IF(A142="Личности","жив","существует"),"в прошлом")) -> существует | F142: =IF(C142=D142,"",D142-C142) -> 1336 | G142: ← Мухаккима (харуриты) | H142: kha | EZ142: =IF(AND(D142>=2026,C142<D142),"▶","") -> ▶
A143: Хариджиты и ибадиты | B143: Аджардиты | C143: 720 | D143: 900 | E143: =IF(C143=D143,"событие",IF(D143>=2026,IF(A143="Личности","жив","существует"),"в прошлом")) -> в прошлом | F143: =IF(C143=D143,"",D143-C143) -> 180 | G143: ← Мухаккима (харуриты) | H143: kha | EZ143: =IF(AND(D143>=2026,C143<D143),"▶","")
A144: Хариджиты и ибадиты | B144: Нуккариты | C144: 784 | D144: 1900 | E144: =IF(C144=D144,"событие",IF(D144>=2026,IF(A144="Личности","жив","существует"),"в прошлом")) -> в прошлом | F144: =IF(C144=D144,"",D144-C144) -> 1116 | G144: ← Ибадиты (Джабир ибн Зайд) — Оман, Мзаб, Джерба | H144: kha | EZ144: =IF(AND(D144>=2026,C144<D144),"▶","")
A145: ■ ШИИЗМ | B145: «Партия Али»: власть — роду Пророка. Расколы происходят по вопросу о наследнике имама.
A146: Шиизм | B146: «Партия Али» | C146: 632 | D146: 680 | E146: =IF(C146=D146,"событие",IF(D146>=2026,IF(A146="Личности","жив","существует"),"в прошлом")) -> в прошлом | F146: =IF(C146=D146,"",D146-C146) -> 48 | H146: shi | EZ146: =IF(AND(D146>=2026,C146<D146),"▶","")
A147: Шиизм | B147: Имамиты: линия Хусейна (имамы 3–11) | C147: 680 | D147: 874 | E147: =IF(C147=D147,"событие",IF(D147>=2026,IF(A147="Личности","жив","существует"),"в прошлом")) -> в прошлом | F147: =IF(C147=D147,"",D147-C147) -> 194 | G147: ← «Партия Али» | H147: shi | EZ147: =IF(AND(D147>=2026,C147<D147),"▶","")
A148: Шиизм | B148: Кайсаниты (Мухтар, Ибн аль-Ханафия) | C148: 685 | D148: 900 | E148: =IF(C148=D148,"событие",IF(D148>=2026,IF(A148="Личности","жив","существует"),"в прошлом")) -> в прошлом | F148: =IF(C148=D148,"",D148-C148) -> 215 | G148: ← «Партия Али» | H148: shi | EZ148: =IF(AND(D148>=2026,C148<D148),"▶","")
A149: Шиизм | B149: Гулат: мугириты, мансуриты, хаттабиты | C149: 720 | D149: 950 | E149: =IF(C149=D149,"событие",IF(D149>=2026,IF(A149="Личности","жив","существует"),"в прошлом")) -> в прошлом | F149: =IF(C149=D149,"",D149-C149) -> 230 | G149: ← Имамиты: линия Хусейна (имамы 3–11) | H149: shi | EZ149: =IF(AND(D149>=2026,C149<D149),"▶","")
A150: Шиизм | B150: Зайдиты (Зайд ибн Али, † 740) — Йемен | C150: 740 | D150: 2026 | E150: =IF(C150=D150,"событие",IF(D150>=2026,IF(A150="Личности","жив","существует"),"в прошлом")) -> существует | F150: =IF(C150=D150,"",D150-C150) -> 1286 | G150: ← Имамиты: линия Хусейна (имамы 3–11) | H150: shi | EZ150: =IF(AND(D150>=2026,C150<D150),"▶","") -> ▶
A151: Шиизм | B151: Исмаилиты: период сокрытия (Саламия) | C151: 765 | D151: 909 | E151: =IF(C151=D151,"событие",IF(D151>=2026,IF(A151="Личности","жив","существует"),"в прошлом")) -> в прошлом | F151: =IF(C151=D151,"",D151-C151) -> 144 | G151: ← Имамиты: линия Хусейна (имамы 3–11) | H151: shi | EZ151: =IF(AND(D151>=2026,C151<D151),"▶","")
A152: Шиизм | B152: Фатхиты · навуситы · вакифиты | C152: 765 | D152: 950 | E152: =IF(C152=D152,"событие",IF(D152>=2026,IF(A152="Личности","жив","существует"),"в прошлом")) -> в прошлом | F152: =IF(C152=D152,"",D152-C152) -> 185 | G152: ← Имамиты: линия Хусейна (имамы 3–11) | H152: shi | EZ152: =IF(AND(D152>=2026,C152<D152),"▶","")
A153: Шиизм | B153: Нусайриты-алавиты — Сирия | C153: 860 | D153: 2026 | E153: =IF(C153=D153,"событие",IF(D153>=2026,IF(A153="Личности","жив","существует"),"в прошлом")) -> существует | F153: =IF(C153=D153,"",D153-C153) -> 1166 | G153: ← Имамиты: линия Хусейна (имамы 3–11); спорный статус / вне ислама | H153: het | EZ153: =IF(AND(D153>=2026,C153<D153),"▶","") -> ▶
A154: Шиизм | B154: Двунадесятники (исна‘ашариты) — Иран, Ирак, Азербайджан, Ливан | C154: 874 | D154: 2026 | E154: =IF(C154=D154,"событие",IF(D154>=2026,IF(A154="Личности","жив","существует"),"в прошлом")) -> существует | F154: =IF(C154=D154,"",D154-C154) -> 1152 | G154: ← Имамиты: линия Хусейна (имамы 3–11) | H154: shi | EZ154: =IF(AND(D154>=2026,C154<D154),"▶","") -> ▶
A155: Шиизм | B155: Карматы (Бахрейн) | C155: 899 | D155: 1077 | E155: =IF(C155=D155,"событие",IF(D155>=2026,IF(A155="Личности","жив","существует"),"в прошлом")) -> в прошлом | F155: =IF(C155=D155,"",D155-C155) -> 178 | G155: ← Исмаилиты: период сокрытия (Саламия) | H155: shi | EZ155: =IF(AND(D155>=2026,C155<D155),"▶","")
A156: Шиизм | B156: Фатимидский исмаилизм | C156: 909 | D156: 1094 | E156: =IF(C156=D156,"событие",IF(D156>=2026,IF(A156="Личности","жив","существует"),"в прошлом")) -> в прошлом | F156: =IF(C156=D156,"",D156-C156) -> 185 | G156: ← Исмаилиты: период сокрытия (Саламия) | H156: shi | EZ156: =IF(AND(D156>=2026,C156<D156),"▶","")
A157: Шиизм | B157: Друзы (аль-Хаким, Хамза) | C157: 1017 | D157: 2026 | E157: =IF(C157=D157,"событие",IF(D157>=2026,IF(A157="Личности","жив","существует"),"в прошлом")) -> существует | F157: =IF(C157=D157,"",D157-C157) -> 1009 | G157: ← Фатимидский исмаилизм; спорный статус / вне ислама | H157: het | EZ157: =IF(AND(D157>=2026,C157<D157),"▶","") -> ▶
A158: Шиизм | B158: Мусталиты | C158: 1094 | D158: 1132 | E158: =IF(C158=D158,"событие",IF(D158>=2026,IF(A158="Личности","жив","существует"),"в прошлом")) -> в прошлом | F158: =IF(C158=D158,"",D158-C158) -> 38 | G158: ← Фатимидский исмаилизм | H158: shi | EZ158: =IF(AND(D158>=2026,C158<D158),"▶","")
... A174: Шиизм | B174: Хуситы «Ансар Аллах» | C174: 1992 | D174: 2026 | E174: =IF(C174=D174,"событие",IF(D174>=2026,IF(A174="Личности","жив","существует"),"в прошлом")) -> существует | F174: =IF(C174=D174,"",D174-C174) -> 34 | G174: ← Зайдиты (Зайд ибн Али, † 740) — Йемен; политический ислам | H174: shi | EZ174: =IF(AND(D174>=2026,C174<D174),"▶","") -> ▶
A175: ■ СУННИЗМ: ПРАВО И ВЕРОУЧЕНИЕ | B175: ≈85–90% мусульман. Мазхабы — школы права, асариты / ашариты / матуридиты — школы вероучения.
A176: Суннизм: право и вероучение | B176: Джама‘а — «община большинства» | C176: 632 | D176: 750 | E176: =IF(C176=D176,"событие",IF(D176>=2026,IF(A176="Личности","жив","существует"),"в прошлом")) -> в прошлом | F176: =IF(C176=D176,"",D176-C176) -> 118 | H176: sun | EZ176: =IF(AND(D176>=2026,C176<D176),"▶","")
A177: Суннизм: право и вероучение | B177: Асариты / ахль аль-хадис | C177: 750 | D177: 2026 | E177: =IF(C177=D177,"событие",IF(D177>=2026,IF(A177="Личности","жив","существует"),"в прошлом")) -> существует | F177: =IF(C177=D177,"",D177-C177) -> 1276 | G177: ← Джама‘а — «община большинства» | H177: sun | EZ177: =IF(AND(D177>=2026,C177<D177),"▶","") -> ▶
A178: Суннизм: право и вероучение | B178: Аузаиты | C178: 760 | D178: 950 | E178: =IF(C178=D178,"событие",IF(D178>=2026,IF(A178="Личности","жив","существует"),"в прошлом")) -> в прошлом | F178: =IF(C178=D178,"",D178-C178) -> 190 | G178: ← Джама‘а — «община большинства» | H178: sun | EZ178: =IF(AND(D178>=2026,C178<D178),"▶","")
A179: Суннизм: право и вероучение | B179: Ханафиты (Абу Ханифа) — Турция, Центральная Азия, Казахстан, Южная Азия | C179: 760 | D179: 2026 | E179: =IF(C179=D179,"событие",IF(D179>=2026,IF(A179="Личности","жив","существует"),"в прошлом")) -> существует | F179: =IF(C179=D179,"",D179-C179) -> 1266 | G179: ← Джама‘а — «община большинства» | H179: sun | EZ179: =IF(AND(D179>=2026,C179<D179),"▶","") -> ▶
A180: Суннизм: право и вероучение | B180: Саурийи | C180: 770 | D180: 1050 | E180: =IF(C180=D180,"событие",IF(D180>=2026,IF(A180="Личности","жив","существует"),"в прошлом")) -> в прошлом | F180: =IF(C180=D180,"",D180-C180) -> 280 | G180: ← Джама‘а — «община большинства» | H180: sun | EZ180: =IF(AND(D180>=2026,C180<D180),"▶","")
A181: Суннизм: право и вероучение | B181: Маликиты (Малик) — Магриб, Западная Африка | C181: 770 | D181: 2026 | E181: =IF(C181=D181,"событие",IF(D181>=2026,IF(A181="Личности","жив","существует"),"в прошлом")) -> существует | F181: =IF(C181=D181,"",D181-C181) -> 1256 | G181: ← Джама‘а — «община большинства» | H181: sun | EZ181: =IF(AND(D181>=2026,C181<D181),"▶","") -> ▶
A182: Суннизм: право и вероучение | B182: Лейситы | C182: 780 | D182: 850 | E182: =IF(C182=D182,"событие",IF(D182>=2026,IF(A182="Личности","жив","существует"),"в прошлом")) -> в прошлом | F182: =IF(C182=D182,"",D182-C182) -> 70 | G182: ← Джама‘а — «община большинства» | H182: sun | EZ182: =IF(AND(D182>=2026,C182<D182),"▶","")
A183: Суннизм: право и вероучение | B183: Шафииты (аш-Шафии) — Египет, Индонезия, Дагестан | C183: 815 | D183: 2026 | E183: =IF(C183=D183,"событие",IF(D183>=2026,IF(A183="Личности","жив","существует"),"в прошлом")) -> существует | F183: =IF(C183=D183,"",D183-C183) -> 1211 | G183: ← Джама‘а — «община большинства» | H183: sun | EZ183: =IF(AND(D183>=2026,C183<D183),"▶","") -> ▶
A184: Суннизм: право и вероучение | B184: Ханбалиты (Ахмад ибн Ханбал) — Аравия | C184: 850 | D184: 2026 | E184: =IF(C184=D184,"событие",IF(D184>=2026,IF(A184="Личности","жив","существует"),"в прошлом")) -> существует | F184: =IF(C184=D184,"",D184-C184) -> 1176 | G184: ← Асариты / ахль аль-хадис | H184: sun | EZ184: =IF(AND(D184>=2026,C184<D184),"▶","") -> ▶
A185: Суннизм: право и вероучение | B185: Захириты (Дауд, Ибн Хазм) | C185: 870 | D185: 1400 | E185: =IF(C185=D185,"событие",IF(D185>=2026,IF(A185="Личности","жив","существует"),"в прошлом")) -> в прошлом | F185: =IF(C185=D185,"",D185-C185) -> 530 | G185: ← Асариты / ахль аль-хадис | H185: sun | EZ185: =IF(AND(D185>=2026,C185<D185),"▶","")
A186: Суннизм: право и вероучение | B186: Джаририты (ат-Табари) | C186: 900 | D186: 1050 | E186: =IF(C186=D186,"событие",IF(D186>=2026,IF(A186="Личности","жив","существует"),"в прошлом")) -> в прошлом | F186: =IF(C186=D186,"",D186-C186) -> 150 | G186: ← Джама‘а — «община большинства» | H186: sun | EZ186: =IF(AND(D186>=2026,C186<D186),"▶","")
A187: Суннизм: право и вероучение | B187: Ашариты (аль-Аш‘ари) — Азхар, шафииты, маликиты | C187: 912 | D187: 2026 | E187: =IF(C187=D187,"событие",IF(D187>=2026,IF(A187="Личности","жив","существует"),"в прошлом")) -> существует | F187: =IF(C187=D187,"",D187-C187) -> 1114 | G187: ← Асариты / ахль аль-хадис | H187: sun | EZ187: =IF(AND(D187>=2026,C187<D187),"▶","") -> ▶
A188: Суннизм: право и вероучение | B188: Матуридиты (аль-Матуриди) — ханафиты | C188: 930 | D188: 2026 | E188: =IF(C188=D188,"событие",IF(D188>=2026,IF(A188="Личности","жив","существует"),"в прошлом")) -> существует | F188: =IF(C188=D188,"",D188-C188) -> 1096 | G188: ← Ханафиты (Абу Ханифа) — Турция, Центральная Азия, Казахстан, Южная Азия | H188: sun | EZ188: =IF(AND(D188>=2026,C188<D188),"▶","") -> ▶
A189: ■ КАЛАМ, ФИЛОСОФИЯ, НАУКА | B189: Ранние богословские школы и фальсафа. Мутазилизм угас у суннитов, но жив в шиитском и зайдитском богословии.
A190: Калам, философия, наука | B190: Кадариты | C190: 690 | D190: 780 | E190: =IF(C190=D190,"событие",IF(D190>=2026,IF(A190="Личности","жив","существует"),"в прошлом")) -> в прошлом | F190: =IF(C190=D190,"",D190-C190) -> 90 | H190: kal | EZ190: =IF(AND(D190>=2026,C190<D190),"▶","")
A191: Калам, философия, наука | B191: Мурджииты | C191: 690 | D191: 1000 | E191: =IF(C191=D191,"событие",IF(D191>=2026,IF(A191="Личности","жив","существует"),"в прошлом")) -> в прошлом | F191: =IF(C191=D191,"",D191-C191) -> 310 | H191: kal | EZ191: =IF(AND(D191>=2026,C191<D191),"▶","")
A192: Калам, философия, наука | B192: Джабриты, джахмиты | C192: 730 | D192: 850 | E192: =IF(C192=D192,"событие",IF(D192>=2026,IF(A192="Личности","жив","существует"),"в прошлом")) -> в прошлом | F192: =IF(C192=D192,"",D192-C192) -> 120 | H192: kal | EZ192: =IF(AND(D192>=2026,C192<D192),"▶","")
A193: Калам, философия, наука | B193: Мутазилиты (Василь ибн Ата) | C193: 740 | D193: 1100 | E193: =IF(C193=D193,"событие",IF(D193>=2026,IF(A193="Личности","жив","существует"),"в прошлом")) -> в прошлом | F193: =IF(C193=D193,"",D193-C193) -> 360 | G193: ← Кадариты | H193: kal | EZ193: =IF(AND(D193>=2026,C193<D193),"▶","")
A194: Калам, философия, наука | B194: Дом мудрости, переводы, аль-Хорезми, ар-Рази, аль-Бируни | C194: 830 | D194: 1050 | E194: =IF(C194=D194,"событие",IF(D194>=2026,IF(A194="Личности","жив","существует"),"в прошлом")) -> в прошлом | F194: =IF(C194=D194,"",D194-C194) -> 220 | H194: kal | EZ194: =IF(AND(D194>=2026,C194<D194),"▶","")
A195: Калам, философия, наука | B195: Фальсафа: аль-Кинди → аль-Фараби → Ибн Сина → Ибн Рушд | C195: 830 | D195: 1198 | E195: =IF(C195=D195,"событие",IF(D195>=2026,IF(A195="Личности","жив","существует"),"в прошлом")) -> в прошлом | F195: =IF(C195=D195,"",D195-C195) -> 368 | H195: kal | EZ195: =IF(AND(D195>=2026,C195<D195),"▶","")
A196: Калам, философия, наука | B196: Каррамиты | C196: 860 | D196: 1220 | E196: =IF(C196=D196,"событие",IF(D196>=2026,IF(A196="Личности","жив","существует"),"в прошлом")) -> в прошлом | F196: =IF(C196=D196,"",D196-C196) -> 360 | H196: kal | EZ196: =IF(AND(D196>=2026,C196<D196),"▶","")
A197: Калам, философия, наука | B197: Ишракизм (Сухраварди) | C197: 1180 | D197: 1700 | E197: =IF(C197=D197,"событие",IF(D197>=2026,IF(A197="Личности","жив","существует"),"в прошлом")) -> в прошлом | F197: =IF(C197=D197,"",D197-C197) -> 520 | G197: ← Фальсафа: аль-Кинди → аль-Фараби → Ибн Сина → Ибн Рушд | H197: kal | EZ197: =IF(AND(D197>=2026,C197<D197),"▶","")
A198: Калам, философия, наука | B198: Исфаханская школа, Мулла Садра | C198: 1600 | D198: 1700 | E198: =IF(C198=D198,"событие",IF(D198>=2026,IF(A198="Личности","жив","существует"),"в прошлом")) -> в прошлом | F198: =IF(C198=D198,"",D198-C198) -> 100 | G198: ← Ишракизм (Сухраварди) | H198: kal | EZ198: =IF(AND(D198>=2026,C198<D198),"▶","")
A199: Калам, философия, наука | B199: Исламский модернизм и неомутазилиты | C199: 1870 | D199: 2026 | E199: =IF(C199=D199,"событие",IF(D199>=2026,IF(A199="Личности","жив","существует"),"в прошлом")) -> существует | F199: =IF(C199=D199,"",D199-C199) -> 156 | H199: kal | EZ199: =IF(AND(D199>=2026,C199<D199),"▶","") -> ▶
A200: ■ СУФИЗМ И ТАРИКАТЫ | B200: Мистическое измерение ислама у суннитов и шиитов. Братства обратили в ислам тюрок, Индию, Африку и Малайский мир.
A201: Суфизм и тарикаты | B201: Аскеты: Хасан аль-Басри, Рабиа | C201: 700 | D201: 850 | E201: =IF(C201=D201,"событие",IF(D201>=2026,IF(A201="Личности","жив","существует"),"в прошлом")) -> в прошлом | F201: =IF(C201=D201,"",D201-C201) -> 150 | H201: suf | EZ201: =IF(AND(D201>=2026,C201<D201),"▶","")
A202: Суфизм и тарикаты | B202: Классический суфизм: Джунайд, Бистами, Халладж, аль-Газали | C202: 850 | D202: 1150 | E202: =IF(C202=D202,"событие",IF(D202>=2026,IF(A202="Личности","жив","существует"),"в прошлом")) -> в прошлом | F202: =IF(C202=D202,"",D202-C202) -> 300 | G202: ← Аскеты: Хасан аль-Басри, Рабиа | H202: suf | EZ202: =IF(AND(D202>=2026,C202<D202),"▶","")
A203: Суфизм и тарикаты | B203: Кадирийя — Багдад → Африка, Кавказ | C203: 1166 | D203: 2026 | E203: =IF(C203=D203,"событие",IF(D203>=2026,IF(A203="Личности","жив","существует"),"в прошлом")) -> существует | F203: =IF(C203=D203,"",D203-C203) -> 860 | G203: ← Классический суфизм: Джунайд, Бистами, Халладж, аль-Газали | H203: suf | EZ203: =IF(AND(D203>=2026,C203<D203),"▶","") -> ▶
A204: Суфизм и тарикаты | B204: Ясавийя — Туркестан (Казахстан) | C204: 1166 | D204: 2026 | E204: =IF(C204=D204,"событие",IF(D204>=2026,IF(A204="Личности","жив","существует"),"в прошлом")) -> существует | F204: =IF(C204=D204,"",D204-C204) -> 860 | G204: ← Классический суфизм: Джунайд, Бистами, Халладж, аль-Газали | H204: suf | EZ204: =IF(AND(D204>=2026,C204<D204),"▶","") -> ▶
A205: Суфизм и тарикаты | B205: Сухравардийя | C205: 1168 | D205: 2026 | E205: =IF(C205=D205,"событие",IF(D205>=2026,IF(A205="Личности","жив","существует"),"в прошлом")) -> существует | F205: =IF(C205=D205,"",D205-C205) -> 858 | G205: ← Классический суфизм: Джунайд, Бистами, Халладж, аль-Газали | H205: suf | EZ205: =IF(AND(D205>=2026,C205<D205),"▶","") -> ▶
A206: Суфизм и тарикаты | B206: Рифаийя | C206: 1182 | D206: 2026 | E206: =IF(C206=D206,"событие",IF(D206>=2026,IF(A206="Личности","жив","существует"),"в прошлом")) -> существует | F206: =IF(C206=D206,"",D206-C206) -> 844 | G206: ← Классический суфизм: Джунайд, Бистами, Халладж, аль-Газали | H206: suf | EZ206: =IF(AND(D206>=2026,C206<D206),"▶","") -> ▶
A207: Суфизм и тарикаты | B207: Кубравийя — Хорезм | C207: 1200 | D207: 2026 | E207: =IF(C207=D207,"событие",IF(D207>=2026,IF(A207="Личности","жив","существует"),"в прошлом")) -> существует | F207: =IF(C207=D207,"",D207-C207) -> 826 | G207: ← Классический суфизм: Джунайд, Бистами, Халладж, аль-Газали | H207: suf | EZ207: =IF(AND(D207>=2026,C207<D207),"▶","") -> ▶
A208: Суфизм и тарикаты | B208: Чиштийя — Индия | C208: 1236 | D208: 2026 | E208: =IF(C208=D208,"событие",IF(D208>=2026,IF(A208="Личности","жив","существует"),"в прошлом")) -> существует | F208: =IF(C208=D208,"",D208-C208) -> 790 | G208: ← Классический суфизм: Джунайд, Бистами, Халладж, аль-Газали | H208: suf | EZ208: =IF(AND(D208>=2026,C208<D208),"▶","") -> ▶
A209: Суфизм и тарикаты | B209: Шазилийя — Магриб, Египет | C209: 1258 | D209: 2026 | E209: =IF(C209=D209,"событие",IF(D209>=2026,IF(A209="Личности","жив","существует"),"в прошлом")) -> существует | F209: =IF(C209=D209,"",D209-C209) -> 768 | G209: ← Классический суфизм: Джунайд, Бистами, Халладж, аль-Газали | H209: suf | EZ209: =IF(AND(D209>=2026,C209<D209),"▶","") -> ▶
A210: Суфизм и тарикаты | B210: Бекташийя — Анатолия → Тирана | C210: 1270 | D210: 2026 | E210: =IF(C210=D210,"событие",IF(D210>=2026,IF(A210="Личности","жив","существует"),"в прошлом")) -> существует | F210: =IF(C210=D210,"",D210-C210) -> 756 | G210: ← Классический суфизм: Джунайд, Бистами, Халладж, аль-Газали; спорный статус / вне ислама | H210: het | EZ210: =IF(AND(D210>=2026,C210<D210),"▶","") -> ▶
A211: Суфизм и тарикаты | B211: Мевлевийя — Конья | C211: 1273 | D211: 2026 | E211: =IF(C211=D211,"событие",IF(D211>=2026,IF(A211="Личности","жив","существует"),"в прошлом")) -> существует | F211: =IF(C211=D211,"",D211-C211) -> 753 | G211: ← Классический суфизм: Джунайд, Бистами, Халладж, аль-Газали | H211: suf | EZ211: =IF(AND(D211>=2026,C211<D211),"▶","") -> ▶
A212: Суфизм и тарикаты | B212: Бадавийя — Египет | C212: 1276 | D212: 2026 | E212: =IF(C212=D212,"событие",IF(D212>=2026,IF(A212="Личности","жив","существует"),"в прошлом")) -> существует | F212: =IF(C212=D212,"",D212-C212) -> 750 | G212: ← Классический суфизм: Джунайд, Бистами, Халладж, аль-Газали | H212: suf | EZ212: =IF(AND(D212>=2026,C212<D212),"▶","") -> ▶
A213: Суфизм и тарикаты | B213: Сафавийя → династия Сефевидов | C213: 1300 | D213: 1501 | E213: =IF(C213=D213,"событие",IF(D213>=2026,IF(A213="Личности","жив","существует"),"в прошлом")) -> в прошлом | F213: =IF(C213=D213,"",D213-C213) -> 201 | G213: ← Классический суфизм: Джунайд, Бистами, Халладж, аль-Газали | H213: suf | EZ213: =IF(AND(D213>=2026,C213<D213),"▶","")
... A222: Суфизм и тарикаты | B222: Муридийя — Сенегал | C222: 1883 | D222: 2026 | E222: =IF(C222=D222,"событие",IF(D222>=2026,IF(A222="Личности","жив","существует"),"в прошлом")) -> существует | F222: =IF(C222=D222,"",D222-C222) -> 143 | G222: ← Кадирийя — Багдад → Африка, Кавказ | H222: suf | EZ222: =IF(AND(D222>=2026,C222<D222),"▶","") -> ▶
A223: ■ РЕФОРМИЗМ И НОВЫЕ ДВИЖЕНИЯ | B223: XVIII–XXI вв.: возврат к истокам, модернизация, политизация; движения со спорным статусом отмечены фиолетовым.
A224: Реформизм и новые движения | B224: Ваххабизм → современный салафизм | C224: 1744 | D224: 2026 | E224: =IF(C224=D224,"событие",IF(D224>=2026,IF(A224="Личности","жив","существует"),"в прошлом")) -> существует | F224: =IF(C224=D224,"",D224-C224) -> 282 | H224: mod | EZ224: =IF(AND(D224>=2026,C224<D224),"▶","") -> ▶
...

Sheet Сводка
A1: Сводка по разделам хронологии
A2: Все значения — формулы, ссылающиеся на лист «Инфографика».
A4: Раздел | B4: Всего строк | C4: Существуют / живы сегодня | D4: В прошлом / события | E4: Самое раннее начало | F4: Самое позднее начало | G4: Доля существующих
A5: Ключевые события | B5: =COUNTIF(Инфографика!$A$9:$A$334,A5) -> 73 | C5: =COUNTIFS(Инфографика!$A$9:$A$334,A5,Инфографика!$E$9:$E$334,"существует")+COUNTIFS(Инфографика!$A$9:$A$334,A5,Инфографика!$E$9:$E$334,"жив") -> 0 | D5: =B5-C5 -> 73 | E5: =_xlfn.MINIFS(Инфографика!$C$9:$C$334,Инфографика!$A$9:$A$334,A5) -> 570 | F5: =_xlfn.MAXIFS(Инфографика!$C$9:$C$334,Инфографика!$A$9:$A$334,A5) -> 2026 | G5: =IF(B5=0,"-",C5/B5) -> 0
A6: Державы и династии | B6: =COUNTIF(Инфографика!$A$9:$A$334,A6) -> 53 | C6: =COUNTIFS(Инфографика!$A$9:$A$334,A6,Инфографика!$E$9:$E$334,"существует")+COUNTIFS(Инфографика!$A$9:$A$334,A6,Инфографика!$E$9:$E$334,"жив") -> 6 | D6: =B6-C6 -> 47 | E6: =_xlfn.MINIFS(Инфографика!$C$9:$C$334,Инфографика!$A$9:$A$334,A6) -> 622 | F6: =_xlfn.MAXIFS(Инфографика!$C$9:$C$334,Инфографика!$A$9:$A$334,A6) -> 2021 | G6: =IF(B6=0,"-",C6/B6) -> 0.11320755
A7: Хариджиты и ибадиты | B7: =COUNTIF(Инфографика!$A$9:$A$334,A7) -> 7 | C7: =COUNTIFS(Инфографика!$A$9:$A$334,A7,Инфографика!$E$9:$E$334,"существует")+COUNTIFS(Инфографика!$A$9:$A$334,A7,Инфографика!$E$9:$E$334,"жив") -> 1 | D7: =B7-C7 -> 6 | E7: =_xlfn.MINIFS(Инфографика!$C$9:$C$334,Инфографика!$A$9:$A$334,A7) -> 657 | F7: =_xlfn.MAXIFS(Инфографика!$C$9:$C$334,Инфографика!$A$9:$A$334,A7) -> 784 | G7: =IF(B7=0,"-",C7/B7) -> 0.14285714
A8: Шиизм | B8: =COUNTIF(Инфографика!$A$9:$A$334,A8) -> 29 | C8: =COUNTIFS(Инфографика!$A$9:$A$334,A8,Инфографика!$E$9:$E$334,"существует")+COUNTIFS(Инфографика!$A$9:$A$334,A8,Инфографика!$E$9:$E$334,"жив") -> 15 | D8: =B8-C8 -> 14 | E8: =_xlfn.MINIFS(Инфографика!$C$9:$C$334,Инфографика!$A$9:$A$334,A8) -> 632 | F8: =_xlfn.MAXIFS(Инфографика!$C$9:$C$334,Инфографика!$A$9:$A$334,A8) -> 1992 | G8: =IF(B8=0,"-",C8/B8) -> 0.51724138
A9: Суннизм: право и вероучение | B9: =COUNTIF(Инфографика!$A$9:$A$334,A9) -> 13 | C9: =COUNTIFS(Инфографика!$A$9:$A$334,A9,Инфографика!$E$9:$E$334,"существует")+COUNTIFS(Инфографика!$A$9:$A$334,A9,Инфографика!$E$9:$E$334,"жив") -> 7 | D9: =B9-C9 -> 6 | E9: =_xlfn.MINIFS(Инфографика!$C$9:$C$334,Инфографика!$A$9:$A$334,A9) -> 632 | F9: =_xlfn.MAXIFS(Инфографика!$C$9:$C$334,Инфографика!$A$9:$A$334,A9) -> 930 | G9: =IF(B9=0,"-",C9/B9) -> 0.53846154
A10: Калам, философия, наука | B10: =COUNTIF(Инфографика!$A$9:$A$334,A10) -> 10 | C10: =COUNTIFS(Инфографика!$A$9:$A$334,A10,Инфографика!$E$9:$E$334,"существует")+COUNTIFS(Инфографика!$A$9:$A$334,A10,Инфографика!$E$9:$E$334,"жив") -> 1 | D10: =B10-C10 -> 9 | E10: =_xlfn.MINIFS(Инфографика!$C$9:$C$334,Инфографика!$A$9:$A$334,A10) -> 690 | F10: =_xlfn.MAXIFS(Инфографика!$C$9:$C$334,Инфографика!$A$9:$A$334,A10) -> 1870 | G10: =IF(B10=0,"-",C10/B10) -> 0.1
A11: Суфизм и тарикаты | B11: =COUNTIF(Инфографика!$A$9:$A$334,A11) -> 22 | C11: =COUNTIFS(Инфографика!$A$9:$A$334,A11,Инфографика!$E$9:$E$334,"существует")+COUNTIFS(Инфографика!$A$9:$A$334,A11,Инфографика!$E$9:$E$334,"жив") -> 19 | D11: =B11-C11 -> 3 | E11: =_xlfn.MINIFS(Инфографика!$C$9:$C$334,Инфографика!$A$9:$A$334,A11) -> 700 | F11: =_xlfn.MAXIFS(Инфографика!$C$9:$C$334,Инфографика!$A$9:$A$334,A11) -> 1883 | G11: =IF(B11=0,"-",C11/B11) -> 0.86363636
A12: Реформизм и новые движения | B12: =COUNTIF(Инфографика!$A$9:$A$334,A12) -> 23 | C12: =COUNTIFS(Инфографика!$A$9:$A$334,A12,Инфографика!$E$9:$E$334,"существует")+COUNTIFS(Инфографика!$A$9:$A$334,A12,Инфографика!$E$9:$E$334,"жив") -> 18 | D12: =B12-C12 -> 5 | E12: =_xlfn.MINIFS(Инфографика!$C$9:$C$334,Инфографика!$A$9:$A$334,A12) -> 1744 | F12: =_xlfn.MAXIFS(Инфографика!$C$9:$C$334,Инфографика!$A$9:$A$334,A12) -> 1987 | G12: =IF(B12=0,"-",C12/B12) -> 0.7826087
A13: Радикальный джихадизм | B13: =COUNTIF(Инфографика!$A$9:$A$334,A13) -> 5 | C13: =COUNTIFS(Инфографика!$A$9:$A$334,A13,Инфографика!$E$9:$E$334,"существует")+COUNTIFS(Инфографика!$A$9:$A$334,A13,Инфографика!$E$9:$E$334,"жив") -> 3 | D13: =B13-C13 -> 2 | E13: =_xlfn.MINIFS(Инфографика!$C$9:$C$334,Инфографика!$A$9:$A$334,A13) -> 1971 | F13: =_xlfn.MAXIFS(Инфографика!$C$9:$C$334,Инфографика!$A$9:$A$334,A13) -> 2012 | G13: =IF(B13=0,"-",C13/B13) -> 0.6
A14: Личности | B14: =COUNTIF(Инфографика!$A$9:$A$334,A14) -> 81 | C14: =COUNTIFS(Инфографика!$A$9:$A$334,A14,Инфографика!$E$9:$E$334,"существует")+COUNTIFS(Инфографика!$A$9:$A$334,A14,Инфографика!$E$9:$E$334,"жив") -> 4 | D14: =B14-C14 -> 77 | E14: =_xlfn.MINIFS(Инфографика!$C$9:$C$334,Инфографика!$A$9:$A$334,A14) -> 570 | F14: =_xlfn.MAXIFS(Инфографика!$C$9:$C$334,Инфографика!$A$9:$A$334,A14) -> 1971 | G14: =IF(B14=0,"-",C14/B14) -> 0.049382716
A15: ИТОГО | B15: =SUM(B5:B14) -> 316 | C15: =SUM(C5:C14) -> 74 | D15: =SUM(D5:D14) -> 242 | E15: =MIN(E5:E14) -> 570 | F15: =MAX(F5:F14) -> 2026 | G15: =IF(B15=0,"-",C15/B15) -> 0.23417722
A18: Мусульманский мир сегодня (оценки)
A19: Мусульман в мире, млрд (2020) | B19: 2
A20: Доля в населении Земли | B20: 0.256
A21: Сунниты, доля (оценка 85–90%) | B21: 0.875
A22: Шииты, доля (оценка 10–13%) | B22: 0.115
A23: Ибадиты, доля | B23: 0.002
A24: Государств — членов ОИС | B24: 57
A25: Прогноз численности на 2050 г., млрд | B25: 2.8
A26: Источник: Pew Research Center, «How the Global Religious Landscape Changed From 2010 to 2020» (2025); доли сунниты/шииты — середина диапазона оценок.

Sheet О документе
A1: Ислам · Большая хронология 570–2026 — Excel-версия инфографики
A3: Как читать
A4: • Лист «Инфографика»: каждая строка — событие, держава, течение или личность; цветная полоса справа показывает период существования.
A5: • Столбец «Откололось от» показывает, от какой ветви произошло течение (точка раскола).
A6: • ▶ в последнем столбце — течение или государство существует сегодня.
A7: • Фильтры в заголовке таблицы позволяют отобрать раздел, статус или период.
A9: Как редактировать
A10: • Меняйте только синие числа в столбцах «Начало» и «Конец» — полосы, статус, длительность и «Сводка» пересчитаются.
A11: • Новую строку добавляйте внутри раздела: скопируйте соседнюю строку целиком (цветовой код в скрытом столбце H задаёт цвет полосы).
A12: • Коды цветов: sun — сунниты, shi — шииты, kha — хариджиты/ибадиты, kal — калам и философия, suf — суфизм, mod — реформизм, het — гетеродоксия, ext — экстремизм, mix — смешанная, gold — умма, ev/ev2 — события.
A14: Оговорки
A15: • Шкала — по десятилетиям; события одного десятилетия попадают в одну ячейку.
... A18: • Упоминание запрещённых организаций носит справочно-исторический характер.
